Service/App/Product Name,ProjectName Tag,AC-4 Provide link to the Architectural Diagram,"CA-3
Enter the RFC number",SA-4,SI-2,SI-7,AC-6,IA-2,AT-3,PS-6,AU-13,AU-3,AU-6,IR-6,SC26,SI-3,SI-4,RA-5,DSEP (SA-8) Provide link to you DevOps Project,Controls met
SCFPOC,ICTRA Cloud Demonstrators,https://018gc.sharepoint.com/:w:/s/PROJ-6948-0009-DevSecOps2/EUmoiuIv33NIjEgaEbE9DfEBqbq4KqwjZSd_kIjXAguFGA?e=rdqzSr&xsdata=MDV8MDJ8SWRhLlBlcmNldmFsQG1pY3Jvc29mdC5jb218MzczMDI3YjlhMzM3NGE5OWFlNjcwOGRjNWZiMTM4YjV8NzJmOTg4YmY4NmYxNDFhZjkxYWIyZDdjZDAxMWRiNDd8MXwwfDYzODQ5MDQ2MTk3MzUwNTU2NXxVbmtub3dufFRXRnBiR1pzYjNkOGV5SldJam9pTUM0d0xqQXdNREFpTENKUUlqb2lWMmx1TXpJaUxDSkJUaUk2SWsxaGFXd2lMQ0pYVkNJNk1uMD18MHx8fA%3d%3d&sdata=NTNxK0dEbmhhTWNiYlNTRW1KQS9QaStDamNZVC92Vlo0czUzc1ZPY1FsQT0%3d,RFC for SCED (Business Requirements),Link to CBR Website,https://portal.azure.com/#view/HubsExtension/BrowseResource/resourceType/microsoft.securityinsightsarg%2Fsentinel,https://portal.azure.com/#view/HubsExtension/BrowseResource/resourceType/microsoft.securityinsightsarg%2Fsentinel,https://018gc.sharepoint.com/:b:/r/sites/TMS_ADMIM_DIMEI_JDCP-O365Core/Shared%20Documents/EP%20Forms/AzureEPAccountRequestV2.0.pdf?csf=1&web=1&e=agYNHi,Link to SLAM Doc.,https://018gc.sharepoint.com/:b:/r/sites/TMS_ADMIM_DIMEI_JDCP-O365Core/Shared%20Documents/EP%20Forms/AzureEPAccountRequestV2.0.pdf?csf=1&web=1&e=agYNHi,https://018gc.sharepoint.com.mcas.ms/sites/ORG-3334-0012/_layouts/15/Doc.aspx?sourcedoc=%7B2F7DDF2A-CEFB-480F-B54F-25FB2E2A1AA5%7D&file=JDCP%20Terms%20of%20Use_v1.1%20Final%20version.docx&action=default&mobileredirect=true&DefaultItemOpen=1&McasTsid=20892&McasCtx=4,Link To CAP policy,https://portal.azure.com/#view/HubsExtension/BrowseResource/resourceType/microsoft.securityinsightsarg%2Fsentinel,https://portal.azure.com/#view/HubsExtension/BrowseResource/resourceType/microsoft.securityinsightsarg%2Fsentinel,https://portal.azure.com/#view/HubsExtension/BrowseResource/resourceType/microsoft.securityinsightsarg%2Fsentinel,https://learn.microsoft.com/en-us/azure/sentinel/monitor-key-vault-honeytokens,https://portal.azure.com/#view/HubsExtension/BrowseResource/resourceType/microsoft.securityinsightsarg%2Fsentinel,https://portal.azure.com/#view/HubsExtension/BrowseResource/resourceType/microsoft.securityinsightsarg%2Fsentinel,https://portal.azure.com/#view/Microsoft_Azure_Security/SecurityMenuBlade/~/0,https://dev.azure.com/DGICFD-DGDFCI/ICTRA-DND-DevSecOps/_backlogs/backlog/ICTRA-DND-DevSecOps%20Team/Features,Yes
,,,,,,,,,,,,,,,,,,,,
,,,,,,,,,,,,,,,,,,,,
,,,,,,,,,,,,,,,,,,,,
,,,,,,,,,,,,,,,,,,,,
,,,,,,,,,,,,,,,,,,,,
,,,,,,,,,,,,,,,,,,,,
,,,,,,,,,,,,,,,,,,,,
,,,,,,,,,,,,,,,,,,,,
,,,,,,,,,,,,,,,,,,,,
,,,,,,,,,,,,,,,,,,,,
,,,,,,,,,,,,,,,,,,,,
,,,,,,,,,,,,,,,,,,,,
,,,,,,,,,,,,,,,,,,,,
,,,,,,,,,,,,,,,,,,,,
,,,,,,,,,,,,,,,,,,,,
,,,,,,,,,,,,,,,,,,,,
,,,,,,,,,,,,,,,,,,,,
,,,,,,,,,,,,,,,,,,,,
,,,,,,,,,,,,,,,,,,,,
,,,,,,,,,,,,,,,,,,,,
,,,,,,,,,,,,,,,,,,,,
,,,,,,,,,,,,,,,,,,,,
,,,,,,,,,,,,,,,,,,,,
,,,,,,,,,,,,,,,,,,,,
,,,,,,,,,,,,,,,,,,,,
